Lucy,Newman,Lucy.NEWM7632@mail2web.com,lunewman7617,V9B9R2G7H3!,m,United States,(559) 302-5126
Amy,Rivas,A.RIV3294@hushmail.com,amri6192,X4D4R9U3F4!,f,United States,(872) 543-1897
Randall,Bridges,Randa.BRI6673@gmail.com,randallbri8552,X0A7V4W4Z6!,f,United States,(229) 646-9680
Bridger,Hayes,Bridger.HAYES3120@mail2web.com,bridhay4912,F8I5P9X8D5!,f,United States,(256) 571-8385
Ansley,Reed,Ansley.RE5375@yahoo.com,ansre4082,X4W3F7E8N9!,m,United States,(916) 504-0199
Brennen,Hammond,Brenne.HAM8704@hushmail.com,brennenham6680,O3L0R4K0U4!,f,United States,(216) 244-1594
Kolton,Humphrey,Kol.HUMP6010@live.com,kolthumph1261,E9X1P9N6U9!,f,United States,(312) 828-6815
Shawn,Hester,Sha.HESTER7451@gmail.com,shahester1871,K8G0W0V0W2!,m,United States,(434) 968-0624
Luke,Church,Luke.CHURC2472@gmail.com,lukchur6739,H9D3H6D3U7!,f,United States,(828) 872-8031
Chris,Glover,Chri.GLOVER8922@hushmail.com,chglover7812,D2O8R4Q1A1!,f,United States,(614) 818-0424
Zavier,Chapman,Zavi.CHAPM8958@gmail.com,zavichapm2283,H2I4F7A9F0!,f,United States,(231) 129-7359
Lennox,Wolf,Len.WO6341@yahoo.com,lenwolf7991,Q5K3S6P3T6!,m,United States,(952) 668-1401
Joel,Bentley,Jo.BENTL3269@yahoo.com,joebentley2505,T2B3Q3S5T9!,f,United States,(732) 808-6315
Jagger,Curry,Jag.CU8065@mail2web.com,jaggercurr8007,A2Y5T0V5W9!,f,United States,(432) 906-5582
Raelynn,Ayala,Raely.AYALA6313@hushmail.com,raelynayala5502,N0U6S0O1D3!,f,United States,(313) 422-6097
Kolten,Fuentes,Kolte.FUENTE4895@yahoo.com,koltefuent9338,A2N1S7I9X0!,m,United States,(684) 783-5431
Tyrese,Alvarez,Tyrese.ALVAR7497@mail2web.com,tyresealvar9961,K2M8Z1E2E5!,f,United States,(253) 432-6551
Jonas,Reid,Jonas.REID8439@live.com,jorei8636,J9H9W0P7R5!,m,United States,(310) 296-4768
Zane,Bray,Zan.BRA5633@yahoo.com,zanbray3595,L0I7Q0I0Y6!,m,United States,(805) 197-4646
Arielle,Sawyer,Ariel.SAWY8081@mail2web.com,arisawyer3158,G4K0A7U4W5!,f,United States,(703) 411-8956
Israel,Lamb,Isra.LAM6564@hushmail.com,israelamb8125,K5Q8J7W1E0!,m,United States,(442) 407-6868
Zain,Sparks,Za.SPARKS8559@hushmail.com,zaispa6086,C0L6R7P7R0!,m,United States,(651) 451-8773
Luz,Rowe,L.RO8814@hushmail.com,luzro3209,S3D9E1B7V2!,f,United States,(719) 952-5315
Zion,Hull,Zio.HUL9855@gmail.com,zionhul7455,Y4Y4H7L2H8!,m,United States,(954) 281-1568
Deven,Maddox,Deven.MADD8080@live.com,devenmadd3132,K2T6P9R2M8!,f,United States,(585) 939-2709
Samson,Witt,Sam.WITT2872@yahoo.com,samsonwit6692,I9A5W4A7N9!,m,United States,(248) 367-7672
Charlie,Contreras,Charl.CONT3430@live.com,charcontre4583,J3G0J0R5M8!,m,United States,(727) 304-0621
Jaylynn,Little,Jay.LITT1396@gmail.com,jaylylittle9081,W4V3E3N8L4!,f,United States,(828) 310-0253
Emilie,Harrison,Emil.HARRISON2206@hushmail.com,emilieharrison1826,G1D3W2K0I8!,f,United States,(208) 484-0145
Vihaan,Snyder,Vihaa.SNY2374@hushmail.com,vihsny3651,Z1O4R3I6V4!,m,United States,(731) 668-0048
Preston,Bryant,Pre.BRY7126@live.com,prestbryant8857,F5I5I8Z3B8!,m,United States,(804) 274-6196
Angeline,Burton,Angeline.BURT7420@live.com,angelibur3952,C0T2P6Q6Q1!,f,United States,(901) 298-3714
Liliana,French,Lil.FRE3510@hushmail.com,lilianafrenc5137,Q3V8N1B4Z9!,m,United States,(319) 368-5935
Melany,Ratliff,Mel.RATLI9465@mail2web.com,melratl8339,T6Y4Z6N2F2!,f,United States,(816) 678-8976
Monica,Pope,Mon.PO2187@gmail.com,monipo3924,J6B3G5X4H3!,f,United States,(432) 792-5372
Ansley,Molina,Ansl.MOL6315@live.com,anslmolin2696,X5V5Z5C1D8!,f,United States,(682) 256-5614
Carmelo,Valencia,Carmel.VALENCIA6645@hushmail.com,carmevalenci9086,G9O3K2S0S5!,f,United States,(803) 862-7041
Kaelynn,Dawson,Kaelyn.DAWSO1809@yahoo.com,kaelyndaws5236,X7Q5U4Q4O6!,m,United States,(317) 667-1760
Krish,Maynard,Krish.MAYNARD4522@hushmail.com,krishmaynard2669,O8L0U4U7E6!,m,United States,(786) 981-4746
Raegan,Espinoza,Rae.ESPINOZ1158@hushmail.com,raegaespinoza8917,B8N8M6L0L6!,f,United States,(276) 364-0085
Layton,Roman,Layto.ROMAN8340@yahoo.com,layroma2879,Y6P2N6E1C0!,f,United States,(615) 228-9216
Crosby,Lowe,Cros.LO8763@gmail.com,croslowe2437,H7R0I6I2P8!,m,United States,(551) 433-8782
Lena,Keith,Lena.KEIT8127@mail2web.com,lenakeit6440,T9C4M8P5X7!,f,United States,(539) 882-0070
Turner,Sellers,Turn.SELLER4149@hushmail.com,turneseller1976,Y4Y0D1Q3R0!,f,United States,(458) 423-1497
Lillie,Mack,Lil.MA4185@yahoo.com,lillimac5541,Q9J0R9Y0K3!,f,United States,(765) 430-0238
Turner,Sullivan,Turne.SULLIV7308@hushmail.com,tursullivan6864,S1X7X7I3X7!,f,United States,(865) 277-2224
Braylon,Beck,Braylon.BE5466@mail2web.com,braylbe6464,G3H2S2A9N8!,m,United States,(626) 548-9429
Santino,Cummings,Santi.CUMMIN4063@hushmail.com,santincumming7185,L5U8A3A5F0!,m,United States,(517) 516-0282
Lilia,Burch,Lilia.BURCH8421@live.com,lilburch1327,I6P5C9U8A1!,m,United States,(910) 540-0650
London,Emerson,London.EMERSO9825@hushmail.com,londoeme3609,S0G7Q0X0G5!,m,United States,(956) 171-3306
Joey,Bradshaw,Jo.BRAD9503@mail2web.com,jobrads3096,C5N8D3A5L2!,f,United States,(251) 214-9809
Arturo,Morrow,Art.MORRO7437@live.com,artumorr6001,W6B4N1V4C7!,m,United States,(513) 956-9771
Braylee,Dennis,Braylee.DENNIS9102@live.com,braydenni8376,C3V7F8C5D0!,m,United States,(830) 235-0722
Khloe,Brady,Khl.BRADY8409@mail2web.com,khlbrad1771,U6A5Q1L9Z3!,m,United States,(949) 715-3167
Sonia,Spears,So.SPE1519@hushmail.com,sospears5641,Z2Z3T9M8N6!,m,United States,(432) 154-7128
Renee,Parker,Re.PARKE7585@gmail.com,repark3071,X4P9B8F2L8!,f,United States,(425) 519-8460
Leonard,Stokes,Leo.STOKE3947@live.com,leostoke9830,C9L1Q4E9D7!,m,United States,(574) 128-6392
Sylvia,Norris,Syl.NORRI7128@mail2web.com,sylvianorr5131,P5J5U1P0X5!,m,United States,(607) 945-0796
Madelynn,Roth,Madel.RO1086@live.com,maderot4064,D6I0B2N5P8!,f,United States,(920) 542-2836
Virginia,Perry,Virgi.PERRY6471@mail2web.com,virginiperr5285,J6D5U9N7Z4!,m,United States,(252) 529-8787
Louis,Douglas,Lou.DOUG2533@mail2web.com,loudou1484,V9Q7P7E9F9!,f,United States,(630) 447-2101
Blakely,Morales,Blakely.MORAL6277@hushmail.com,blakemorales4496,J5X3B4Y5U4!,m,United States,(518) 614-2719
Phoebe,Reid,Phoe.REI2270@gmail.com,phoebreid6853,B3A8S9I2H6!,f,United States,(260) 551-6530
Presley,Ellison,Pres.ELLI2740@hushmail.com,presleyellison8017,Z5V0L7W5R3!,f,United States,(574) 351-7873
Rivka,Mcdowell,Rivka.MCDOW2475@hushmail.com,rivmcdow6221,N0H6O2D1O5!,m,United States,(636) 837-8565
Matias,Holland,Mat.HOLLA4405@live.com,matiashollan6415,N9E1X4A9A4!,f,United States,(206) 358-9151
Kaylyn,Hancock,Kaylyn.HANCOC1797@gmail.com,kaylhan6775,P7X9C6G5N4!,m,United States,(865) 283-8208
Michaela,Howard,Micha.HOWAR7077@live.com,michaehoward2003,Q7N0M7Z6T0!,f,United States,(559) 824-2944
Roman,Wagner,Rom.WAGNE3232@gmail.com,romanwag3392,Z0D3S2J3K2!,f,United States,(504) 520-4283
Jaylyn,Cortez,Jaylyn.CORTEZ5145@gmail.com,jaycortez4800,K8B4K5G4R5!,f,United States,(917) 488-0209
Kaylen,Mcleod,Kaylen.MCLEO6387@live.com,kaylemcleo2855,R9G8G8W8Y3!,f,United States,(660) 188-4899
Aliyah,Gonzales,Aliyah.GONZALE5360@gmail.com,aliyahgonzale8980,V6A0U1Y7F2!,m,United States,(325) 703-2160
Rene,Finley,Ren.FINLE3307@gmail.com,refin3034,P8U4S0E8G3!,f,United States,(309) 644-5485
Laney,Frye,Lane.FRYE1785@live.com,lafry3283,T8P1Z2I6O5!,m,United States,(406) 622-7150
Jackson,Dejesus,Jacks.DEJ8583@yahoo.com,jackdejes7933,R5S6R9H0M1!,f,United States,(970) 612-2126
Kylie,Cook,Kyli.CO5361@live.com,kylicook4655,E6D5B5L8L8!,m,United States,(339) 276-8726
Rivka,Rowland,Rivka.ROWLA7037@mail2web.com,rivkrowlan4499,U6K9M5X9V5!,m,United States,(412) 345-7951
Semaj,Robbins,Sem.ROB5290@gmail.com,serob7528,S4S6T0N4B2!,f,United States,(410) 349-3933
Arely,Phelps,Ar.PHELP3209@live.com,arephelp1098,O7C4Q2F8B5!,f,United States,(320) 327-0957
Charlie,Hoover,Charli.HOO1318@mail2web.com,charhoov6215,M4D9Z3B4B1!,f,United States,(325) 118-3016
Ariana,Holland,Ariana.HOLLAN8232@live.com,arianhol4044,K6Y1G9U8H9!,m,United States,(732) 197-8730
Edith,Mcmahon,Edith.MCMAHON5269@hushmail.com,edimcmah7262,K3W6K2N8J8!,f,United States,(239) 694-1077
Sergio,Curtis,Serg.CURTI3319@live.com,sergicurtis5133,U1K0T7P6D4!,m,United States,(939) 453-2105
Temperance,Lowery,Tempe.LOW5437@mail2web.com,tempelower7098,A9B9I7P8C9!,m,United States,(207) 186-7455
Wyatt,Wong,Wya.WO4057@mail2web.com,wyawon1238,X0M9R0D8O1!,f,United States,(228) 769-0021
Skylar,Stewart,Sky.STEW6239@yahoo.com,skylstewart6435,B4P5N5C2I8!,m,United States,(334) 812-2283
Damarion,Warren,Damarion.WARREN3550@live.com,damarwarren4855,H2S9R1P1J9!,m,United States,(218) 431-6539
Gia,Solomon,G.SOLO2457@live.com,giasolo3919,I5X7K9Y8Y7!,m,United States,(408) 687-8407
Carleigh,Delgado,Carlei.DELGAD9220@gmail.com,carldelgad3092,K8M9W9T7J8!,m,United States,(931) 271-9591
Sophie,Zamora,Sophi.ZAM8845@live.com,sophiezam6682,F9U8F9N6A0!,m,United States,(850) 909-8182
Jagger,Perez,Jagge.PE7617@mail2web.com,jaggpere5958,C0O2X7T3P0!,m,United States,(831) 334-2982
Masen,Hodge,Masen.HODG1687@gmail.com,mahodg9727,M7W9A8X3B9!,f,United States,(858) 740-3306
Alena,James,Alena.JA4906@mail2web.com,alejames6804,C3Y6V6I9D0!,m,United States,(712) 332-1113
Kennedy,Potter,Ken.POTTER2880@hushmail.com,kenpott6578,A8L6O9V2T4!,f,United States,(903) 511-1287
Lucille,Oneal,Lucill.ONEA3748@hushmail.com,lucioneal9464,C9P9M6Q1X8!,m,United States,(636) 296-5462
Ezekiel,Santos,Ezekie.SANT5762@yahoo.com,ezekiesantos2936,S3D0F0H7A7!,f,United States,(747) 176-9086
Finley,Trujillo,Finle.TRUJIL3397@mail2web.com,finltrujil8466,Z2J8K9H8M2!,f,United States,(817) 531-9253
Romeo,Meyers,Rome.MEY1155@yahoo.com,romey7443,W6H5N6A9C7!,f,United States,(458) 579-4933
Jazlynn,Albert,Jazly.ALBER7602@hushmail.com,jazlynnalber9466,N9V5B3K4F7!,m,United States,(785) 500-1518
Omar,Carroll,Oma.CARROLL6931@mail2web.com,omarcarro5105,E3N2X6D0Y2!,m,United States,(646) 476-8357
